Sanctioned_Name,Sanctioned_Nationality
Austin Fitzgerald Jr.,Gabon
lSavdr eCeeontn,Kiribati
Kenneth Erickson,Heard Island and McDonald Islands
David Gordon,Puerto Rico
h nCwaioD,Lithuania
Michael Carter,Honduras
Di@ne T@ylor,Hong Kong
Daniel Harding Jr.,Singapore
Madison Stephens,Gambia
Sharon Cooper Jr.,Montserrat
Christine Carter,Cook Islands
Kristin Phillips,Cote d'Ivoire
Jay Williams Jr.,Panama
Dawn Mathews,Estonia
Amanda Diaz Jr.,Samoa
Shelly Roberts,Venezuela
John Webb,Turks and Caicos Islands
cheyenne mitchell,Poland
Taylor Erickson Jr.,Armenia
Michele Rangel,Korea
Nathan Hernandez Jr.,Bolivia
kim davis,Hungary
Stacey Ortega Jr.,Montenegro
Daniel Rice Jr.,Honduras
Mark Meyer,Peru
Robert Johnson,Spain
Amy Schaefer,Dominica
riCKitnysla ,Morocco
Sus@n Townsend,Burundi
meagan kelly,New Caledonia
d ihtoCayHnarw,Georgia
Arthur Jones,Palau
Hannah Browning Jr.,Korea
Kelly Wright Jr.,Mongolia
Carla Aguirre Jr.,Panama
jonathan baker,Nigeria
darin wells,Guatemala
Debor@h Smith,Aruba
Allison Lee Jr.,Peru
john boyd,Honduras
Lis@ Young,Zambia
teresa decker,Anguilla
Mitchell Perez,Croatia
C@thy Cruz,Ghana
Tiff@ny Phillips,Paraguay
Christopher Evans,Iceland
Luis Bush,Dominica
heidi reed,Greenland
alyssa smith,Uzbekistan
Mark Tapia Jr.,Puerto Rico
Mel@nie Gregory,Gabon
iioltnCs lsrKa,Nepal
Ben yJwreorm,Bosnia and Herzegovina
Samantha Dunn Jr.,Lao People's Democratic Republic
Colin Taylor Jr.,Bosnia and Herzegovina
Mrpyih douJ,New Zealand
ogrnrG giyeK,Ukraine
Teresa Moreno,Montserrat
Tyrone Clark,Albania
Ashley Williams Jr.,Northern Mariana Islands
Mr. Austin Archer,United States of America
linda jackson,Guam
anoyJnC eha,Turks and Caicos Islands
brittney lewis,Azerbaijan
Katherine Lawson,Sierra Leone
Mary Lewis Jr.,Reunion
ChhBirpe sarityleo,Lao People's Democratic Republic
Jeffrey Patel,New Zealand
Terrance Burns Jr.,Israel
Samuel Lewis,Haiti
efce MalinohlmfH,Northern Mariana Islands
Holly Sanders,Guernsey
Austin Best,Netherlands Antilles
Erik@ George,Myanmar
Latasha Golden Jr.,Belarus
Kathleen Sellers Jr.,Senegal
Ryan Campos,Senegal
michelle morrow,Guernsey
T@ylor H@mmond,Guinea
Susan Carney Jr.,Jordan
Hunter Beck,Philippines
nathan morris md,Tokelau
ronald foster,Netherlands Antilles
aen urnaceLlM,Tonga
s rillWteBit,Albania
chad cuevas,Greenland
jesus collins,Chad
James Bishop Jr.,Niger
ryan gardner,Solomon Islands
melissa russell,Albania
lori robinson,Romania
Sandra Wagner,Antigua and Barbuda
Ashley Thom@s,Kyrgyz Republic
Scott Soto,Central African Republic
Lucas White Jr.,China
Ralph Li Jr.,Monaco
Kevin Powers,Finland
Robert Werner,Turkey
traaeeShnG piy,Gibraltar
Anne S@v@ge,Malawi
Kevin Ruiz Jr.,Bermuda
brent chambers,Yemen
J@cob Trujillo,Netherlands Antilles
Willi@m Edw@rds,Ukraine
e RvarahoSnir,Tonga
laura burton,Netherlands
Sarah Jones Jr.,Nauru
nylsNTeie on,Oman
Michelle Thomas,Mexico
Marissa Morris Jr.,Bulgaria
laura williams dds,Luxembourg
Nicole Ellis,Seychelles
iyslB hgbbonE,Jamaica
Jeff Johnson Jr.,Mauritius
Anne Berg,Germany
naeranC yieD,Gibraltar
eAnit aoksnJn,Niger
Stephanie Hayden Jr.,Bahamas
eMnachslJinee ,Haiti
Christine B@rtlett,French Guiana
Nicolas Jackson Jr.,Andorra
oeaLlw Cra,United Kingdom
Brandon Palmer,Mayotte
Tiffany Flores,Montenegro
John R@mos,Greece
 oMiiahcnelClls,Grenada
B@rb@r@ Willi@ms MD,Heard Island and McDonald Islands
Olivi@ J@rvis,Taiwan
Sandra Riley Jr.,Hong Kong
alyssa mathews,Iran
Michael Matthews,Bouvet Island (Bouvetoya)
J@cob G@rci@,Svalbard & Jan Mayen Islands
R@chel H@wkins,Hong Kong
Emily Fr@nk,Guyana
Holly Montes,Libyan Arab Jamahiriya
iOttAronoiz n,Niger
Stacey Perry Jr.,Taiwan
thernaaSia mPc,Peru
Darlene Johnson,Turks and Caicos Islands
joseph thompson,Jamaica
Adam Dawson,Guinea
M@ry Johnson,Nigeria
Deanna Haney,Russian Federation
oueoaC nrkL,Slovakia (Slovak Republic)
Michael Burke Jr.,Turkmenistan
Gregory W@lters,Jamaica
john bradley,Malaysia
Debra Schwartz Jr.,Ecuador
ma caNnarZoy,Marshall Islands
mr. justin davis dds,Portugal
Mel@nie Wilson,Djibouti
John Nguyen Jr.,Paraguay
christine davis,Dominica
Brad Whitehead Jr.,American Samoa
Sherry Gill Jr.,Cameroon
John Guzman II Jr.,Samoa
Olivia Jensen,Armenia
misty lee,Yemen
Noah Rivas Jr.,Wallis and Futuna
shawn torres,Maldives
nAtelrlb Roe,Ghana
John Parsons Jr.,Slovakia (Slovak Republic)
Jennifer Scott,Guinea
 tsJobRrhenono,French Guiana
 sMayoreetnrP,Nigeria
alexis casey,Norfolk Island
Edward Anderson Jr.,Serbia
wn tedrMaiAnzer,South Georgia and the South Sandwich Islands
S@ndr@ Rollins,Timor-Leste
anna snyder,Philippines
David Walker Jr.,Tuvalu
sRaeSo rgrda,Lebanon
Evelyn Rom@n,Bermuda
IresMMoTy I r.m eah,Macao
Christopher Miller,Turkey
thBcsplCaarnhorihedr ,Portugal
Mr. Jacob Roberts,China
james hayes,North Macedonia
Christopher P@lmer,Western Sahara
C@sey Smith,Taiwan
JtMelcmiai hle,North Macedonia
M@ry Lewis,Cape Verde
bethany avila,Ecuador
h hSctiuztaFl,Bolivia
i aBDwvdrnaesh,Honduras
melissa riggs,Swaziland
Alyssa Anderson,Mongolia
Roger Mitchell,Wallis and Futuna
Linda Kelly,Paraguay
Lauren Moss,Kazakhstan
Edw@rd Kirby,Palestinian Territory
snAurmB y,Solomon Islands
leeWdtS yhonn,Kiribati
Jennifer C@rroll,Namibia
nersD nuCiz,Bolivia
Elizabeth Torres,Puerto Rico
anr aaiBcKlk,South Georgia and the South Sandwich Islands
Evan Stewart,Romania
Nicole Ferguson,South Georgia and the South Sandwich Islands
J@mes H@ncock,Turks and Caicos Islands
srats hoCoylnnJ,Dominica
Mrs. Kristin Moore Jr.,Dominica
Annette Fr@nk,Reunion
Tiff@ny Peterson,Malta
daniel washington,Ukraine
Dr. Whitney Rojas DVM,El Salvador
carla wilson,Ghana
 antimhrViiigS,Costa Rica
megan hill,Bolivia
John White Jr.,Tonga
Sus@n Willi@ms,French Southern Territories
iaee ndRdL,Swaziland
tommy williams,Japan
D@vid St@rk,Netherlands
Lori Orr,Wallis and Futuna
darrell watson,Bhutan
Kiara Moon MD Jr.,Northern Mariana Islands
Herbert Mcfarland,Uganda
Cassidy Perry Jr.,Czech Republic
Brandon Munoz Jr.,South Georgia and the South Sandwich Islands
pamela koch dds,Moldova
P@mel@ Elliott,Portugal
 iaVattrereeBnl,Marshall Islands
Brett Best,Niger
woCJusrrftdian ,Tuvalu
Cynthia Taylor,Norway
David Gonzalez,Uruguay
Mary Hendrix,Guadeloupe
Eric Lopez,Mongolia
Michelle Mack Jr.,Kenya
Adam Williams,Uzbekistan
aeLeisnMg w,French Guiana
Reginald Clayton,Sierra Leone
Amanda Johnson,Oman
Patrick Hines,Czech Republic
corey anderson,Oman
 eRihatwotMs,Papua New Guinea
Dr. Eric Castillo II,Montserrat
tammy wilson,Burkina Faso
Taylor Diaz,Niger
n eyTrrRisedlo,Netherlands Antilles
mrs. elizabeth rodriguez,Macao
Mary Ruiz,Central African Republic
Donna Hanson MD,Argentina
Kenneth Fuller,Belarus
Robert Fernandez,Belize
raymond ford,Madagascar
Ashley Sulliv@n,Timor-Leste
tara suarez,Australia
Donald Beltran,Sao Tome and Principe
jeffrey brown,Papua New Guinea
Courtney Price,Guadeloupe
Isabel Johnson Jr.,Antigua and Barbuda
James Jenkins Jr.,Mauritania
Scott Allen Jr.,Slovakia (Slovak Republic)
Karen Day Jr.,Mexico
Robert Mata,Svalbard & Jan Mayen Islands
Naane Ptsaayh,Spain
KntleanrGn yh,Denmark
y muRoegdzirTma,Nauru
Kimberly Lee Jr.,Congo
mrs. brandi bryan,Bermuda
M@tthew Vill@,Samoa
Tina Cortez,Austria
christian alexander,Guyana
richard nunez,Moldova
Carrie Bell Jr.,Tonga
Laura Nguyen DVM,Spain
Troy C@mpos,Peru
aseCmiJn a,Jersey
mhe zeEztaGbiol,Nepal
amy cruz,Czech Republic
Paul Castaneda,Finland
timothy alexander,Equatorial Guinea
Jesse Cruz,Tanzania
J@son Wolfe,Iceland
eric alexander,American Samoa
Henry W@lton,Wallis and Futuna
charles ramsey,Chile
Heather Harrington Jr.,Eritrea
brittany roberts,Korea
J@ime Perez,Belize
Terri Pen@,Indonesia
Matthew Roberts,Sao Tome and Principe
lisa gaines,Cyprus
Jeffrey Martinez,Hong Kong
Cynthia Henson,Netherlands
 mtDihsTiayvo,Saint Vincent and the Grenadines
Tiff@ny Stew@rt,Sudan
aaron reed,Philippines
cindy fowler,New Zealand
Amy W@rren,Taiwan
t KuimnH,Guadeloupe
nicole stafford,Macao
tiffany simmons,Gibraltar
Justin W@tson,New Zealand
Keith Ju@rez,Liberia
Gregory Carter Jr.,Central African Republic
M@ri@ Brown,Seychelles
Christy Moreno,South Georgia and the South Sandwich Islands
Jamie Scott,Lithuania
ewsBnloKry e,Puerto Rico
sAtoJinkd y,Tunisia
Hurot boRsee,Serbia
Anthony Hunt Jr.,Grenada
oymPlrKebl wiel,Kazakhstan
a PrldaMeoacu,Eritrea
Bri@n Best,Netherlands
Megh@n G@tes,Spain
John Brewer,Norway
MlLrhaila ndsa,Chile
Steven Smith,Algeria
monica dean,Somalia
logan cruz,Ghana
R@nd@ll Boone,Guernsey
Jacob Briggs,Armenia
D@nielle Jones,Poland
ana collins,Ireland
Vincent Howell Jr.,Liberia
i JouktoBrens,France
Anthony Simmons Jr.,Greece
Alexis Carroll Jr.,Saint Helena
michael ingram,Saint Kitts and Nevis
siie LliWsmaell,Bermuda
ronnie wilkerson,Sao Tome and Principe
JisnclnoMhoaeh ,Kuwait
dennis bass,Nauru
John Marsh,Djibouti
wesley garcia,Israel
Rebecca West,New Zealand
iEuHes cor,Belize
W@yne W@lsh,United States Minor Outlying Islands
reCJaerc satis,Afghanistan
julia brown,Cuba
mark norris,Indonesia
Sean Stephens Jr.,Honduras
JoMaophns erg,Ecuador
Amanda Porter Jr.,Switzerland
annnrd roaAzeHe,Burundi
bruce park,Monaco
Shelly Raymond Jr.,Armenia
Ry@n Johnson,Uzbekistan
angela rocha,Mayotte
morgan knight,Somalia
Kevin Smith Jr.,Hong Kong
Jessic@ Holmes,Lesotho
Amanda Pollard,Finland
odlegn MAoya,Wallis and Futuna
jessica huff,Monaco
Christian Rodriguez Jr.,Hong Kong
chad booker,Nauru
Katie Hughes Jr.,Jersey
eailrviBnlauVan ,Libyan Arab Jamahiriya
Rich@rd Hess,El Salvador
R@chel L@rson,Germany
William Mccarthy Jr.,Uzbekistan
Steph@nie Miller,Maldives
Rebecca Moon Jr.,Syrian Arab Republic
M@llory Willi@ms,Qatar
gregory hood,Greenland
plhPpnieSls ecir,El Salvador
i snBawLdere,Holy See (Vatican City State)
Brian Ford Jr.,Gibraltar
Jeremy H@hn,Tanzania
SeynthCi emhne,Andorra
leGeMahilbct ri,Northern Mariana Islands
david osborne,Israel
Ronald Floyd Jr.,Kyrgyz Republic
Joseph Jackson,Malawi
Kristen Porter,Congo
Awn omaadrlFes,French Southern Territories
Cryst@l Wolfe,United States Virgin Islands
james cole,Taiwan
Keith Johnson Jr.,Cayman Islands
ilyecMheeelwSen ,Yemen
 ogheSaGrera,United States of America
acqsaurec bseRz.eM V,Israel
Zachary Murphy,Equatorial Guinea
Dr. Margaret Allison,Saint Martin
nMnodac aldJso,Saint Barthelemy
Danielle Ochoa Jr.,North Macedonia
otSor crGgtey,Lao People's Democratic Republic
L@uren Reid,China
sarah carrillo,Cameroon
Paula Shaffer Jr.,Seychelles
rSeyctlTt o,Saint Martin
rton DoParne,Gambia
P@trici@ Roberts,Japan
grace hill,Bahamas
Nicholas Cortez Jr.,Cape Verde
aaH rlahSl,Israel
Samuel Hanna,French Polynesia
Thomas Spencer,Micronesia
ll iaaWloymriT,Egypt
Tyler Cummings,Cuba
Jason Lamb Jr.,Bulgaria
kelly richmond,Serbia
J@cob W@shington,Heard Island and McDonald Islands
Steven Hernandez,Albania
Vanessa Skinner,Nicaragua
HAy lhlales,North Macedonia
James Sparks Jr.,Belarus
Megan Olson,Algeria
isa ircvDE,Uzbekistan
Paul Rice Jr.,North Macedonia
Christian Jones,Ecuador
lteyCs noaJin,Guinea-Bissau
eni rluCSahoh,Guadeloupe
Ric@rdo Bennett,Ukraine
Shirley Diaz Jr.,Heard Island and McDonald Islands
Samantha Jacobs,Solomon Islands
B@rb@r@ L@ng,Bahrain
Todd H@wkins,Bermuda
eayatwtttW hM,French Polynesia
Andrew Stevens,Czech Republic
adrian brooks,Indonesia
Brianna Day Jr.,Niue
Ad@m Chen,China
craig martin,India
jennifer perez,Norway
l MlcrrEeii,Bahamas
Darryl Carlson,Tonga
Shannon Riddle Jr.,Falkland Islands (Malvinas)
munloclnOleaeS ,Jersey
oVasrhagD orty,Antarctica (the territory South of 60 deg S)
meagan owen,Saint Martin
Bri@n Shep@rd,Madagascar
sandra luna,Tunisia
Jennifer Turner Jr.,Saint Kitts and Nevis
Joshua Larson,Germany
Shelby Kelly,Finland
Debbie Grant Jr.,Myanmar
sdaAr nShwonen,Malawi
K@ri Colon,Pakistan
Robert Ellis,Mongolia
Leah White Jr.,Uzbekistan
gina holt,Anguilla
Teresa Hernandez,Angola
Eric Vargas,Iran
 ineipoalplCPdh,Kiribati
rebecca watson,Mongolia
Mariah Griffith Jr.,Kazakhstan
Kimberly Cruz,Brunei Darussalam
sJ oenhaToscmsip,Slovenia
keith solis,Vanuatu
S@ndy Johnson,Paraguay
Bethany Reed,Guernsey
naL Vlaiediacn,Cocos (Keeling) Islands
Jaclyn Steele,Korea
Katherine Francis Jr.,Botswana
Ian Collins Jr.,Marshall Islands
Katherine Johnson Jr.,Cyprus
Dr. Autumn Wallace MD Jr.,Dominica
Holly Gonz@lez,Cambodia
Sa heardnCn,British Virgin Islands
Ger@ld Riley,Georgia
l eoKnelJy,Bangladesh
Barry Morris Jr.,Poland
Cindy Kemp Jr.,Paraguay
Lauren Durham Jr.,United States Minor Outlying Islands
Robert Ryan Jr.,Sierra Leone
carrie hamilton,Saint Helena
arolCnm sCiyeth,Fiji
oladrieRyhF c,Jersey
Christi@n Schneider,Nicaragua
joshua guerrero,Panama
K@ren C@rter,Papua New Guinea
karen garcia,Cyprus
jeremiah taylor,Puerto Rico
Shannon Goodman Jr.,Guinea
james gilbert,Bosnia and Herzegovina
Maria Shea Jr.,Mayotte
StocoertF st,Greenland
denise miller,France
cynthia garcia,United Kingdom
hrSceaFacsn onrim,Russian Federation
Emily Johnson Jr.,Iceland
Beth Holmes Jr.,India
Mary Smith Jr.,Ecuador
Jennifer Jackson,Poland
Bry@n Nguyen,Chile
PrtteehtaowMt nsa,Guinea
Curtis Jacobson Jr.,Taiwan
robert lloyd,Malaysia
Angel@ S@nti@go,Malawi
NrlnFs neaok,Uzbekistan
alyssa marshall,French Guiana
Robin Hines,Korea
Julie Carter,Oman
Stephanie Underwood,San Marino
Hannah Garcia Jr.,Cote d'Ivoire
addid oDvT,Turks and Caicos Islands
Scott Lynn Jr.,Ecuador
christina cook,Saint Pierre and Miquelon
michael cervantes,Iraq
Jody Brown Jr.,Sweden
G@brielle Bry@nt,Hong Kong
Andrew Hughes,Norway
Alicia Zuniga Jr.,Rwanda
bradley williams,Malaysia
jacqueline villarreal,Saint Pierre and Miquelon
J@mes Spence,Luxembourg
Bri@n Fletcher,Bahrain
Dillon Craig Jr.,Taiwan
Keith Meyer Jr.,Malaysia
emily cobb,Iceland
A@ron Jones,Palestinian Territory
Aimee Palmer,Botswana
Daniel Clay,British Virgin Islands
rnMilleiecke shP,Norway
dirDs vaBa,Nauru
Connie Randall Jr.,Botswana
Kimberly Hutchinson,Brunei Darussalam
G@ry D@vis,Malta
julie cox,Italy
nony soleJhshA,Mali
jeffrey wilkinson,San Marino
jason torres,Slovenia
Carl Holmes,Czech Republic
Bri@n Flynn,Syrian Arab Republic
Jeffrey Leon,Belgium
Mr. Billy Miller,Nicaragua
julia roberts,Ecuador
G@briel Reeves,South Africa
Meg@n Simmons,Cocos (Keeling) Islands
haley jensen,Zambia
enhB MProh Dtawtw,Turkey
Jeffrey Rich,Niue
ashley lewis,Bouvet Island (Bouvetoya)
John Saunders,El Salvador
Je ahsyecoenknnC,Bermuda
i LrcVeoaeti,British Virgin Islands
Gene Lopez,Finland
sincM aeClihlol,Nauru
mark wagner,Greece
Matthew Phillips,Reunion
aMinal eycRh,Brazil
Stacy Mcknight Jr.,Cuba
Kristin Thompson,Senegal
G@ry Nguyen,Mayotte
Tina Ramirez,Armenia
Heather Robinson,Bahrain
Daniel Duran Jr.,Hong Kong
Joshu@ B@tes,Gibraltar
Lis@ Gillespie,Portugal
kimberly mccormick,French Polynesia
John Perez,Benin
Patrick Davidson,Maldives
T@mmy Fr@nk,Egypt
Ronald Johnson Jr.,Heard Island and McDonald Islands
S@m@nth@ T@ylor,Saint Lucia
Valerie Blackburn,Italy
Holly Duran Jr.,Zambia
Am@nd@ Fisher,Luxembourg
cilnaoarh ScnM,Djibouti
James Wyatt,Libyan Arab Jamahiriya
Eric D@vis,Tokelau
Wendy Hansen Jr.,Cook Islands
stephanie curry,Serbia
d uyBhCso,United Arab Emirates
Mich@el Melendez,Argentina
Danielle Mclaughlin Jr.,Malawi
Noah Wilson,Turkmenistan
Mr. Thom@s Ocho@,United States Virgin Islands
Bobby Smith Jr.,Indonesia
ntk vareSeP,Bhutan
rKadmAynaths ,Malawi
h okneKultBacell,Nigeria
joshua travis,Guernsey
lori swanson,Niger
Heather Haynes Jr.,Lesotho
eduardo george,Kuwait
iyaneadLCsrt r,Bangladesh
Lisa Galvan,Namibia
Teres@ M@rsh,Northern Mariana Islands
Regina Davis,Mauritania
tonya sharp,Saint Pierre and Miquelon
nyflGlafTi i,Paraguay
jennifer meyer,Jamaica
iMr arynbeO,Malta
Albert Perez,Western Sahara
robert brown,Denmark
Sherry Moon MD,Bhutan
Christopher Navarro Jr.,Ireland
Br@ndon Dr@ke,Cuba
CbylaRmnl pea,Holy See (Vatican City State)
Anthony Joseph,Norfolk Island
einnseJrNrfri o,Antarctica (the territory South of 60 deg S)
R@chel Mcm@hon,Pitcairn Islands
Nicole Garza,Austria
Ev@n Boyd,Jamaica
Jennifer Thomas,Sao Tome and Principe
jennifer bennett,Brazil
teresa gonzalez,French Southern Territories
Jennifer Jones,Fiji
Victoria Martinez,Saint Vincent and the Grenadines
maurice hunt,Comoros
Elizabeth Morrow,Norway
L@urie Cline,Ecuador
erBraAe ndg,United States Minor Outlying Islands
Joseph River@,Uzbekistan
anthony osborne,Trinidad and Tobago
brian byrd,Antigua and Barbuda
mitchell white,Ecuador
dsoRMinabn ioarn,Costa Rica
Mark Collins Jr.,French Guiana
Jessica Pham Jr.,Montserrat
shelby long,Tanzania
aKh oJnhn,New Caledonia
Mary Gross Jr.,Yemen
Ch@rles Potts,New Zealand
Andrew G@rci@,Burkina Faso
derek wang jr.,Guam
stephanie wang,Angola
Katherine Bradley Jr.,Dominica
raCeldMnhicsl ea,Panama
Taylor Willis,Svalbard & Jan Mayen Islands
Steven Lyons,North Macedonia
Leonard Myers Jr.,Liberia
Gregory Willi@ms,Jamaica
 MtcWeilrseaihn,Jersey
jessica houston,Uzbekistan
ns JeWctasisao,Sao Tome and Principe
Hesent nnorB,Kyrgyz Republic
Austin Garza,Congo
M@ry J@cobs,Benin
Nathan Mendoza DDS,Sao Tome and Principe
Miss April Jackson,Kazakhstan
jessica martin,Falkland Islands (Malvinas)
notrlCyaneg aW,Thailand
C yLsionagr,Algeria
asohsMunaJ o,Saudi Arabia
Willi@m R@smussen,Jamaica
Gina Elliott,Saint Pierre and Miquelon
M@ry Wy@tt,Israel
Morgan Collier,Netherlands Antilles
KltnN olnyesae,Russian Federation
C orkrChpteiralsh,Mozambique
james trevino,Iraq
allison cohen,Latvia
W@yne Roj@s,Liechtenstein
rachel mitchell,Liberia
Stephanie Eaton,Croatia
charles burgess,Italy
Albert Wagner,Cyprus
Christopher Good Jr.,Heard Island and McDonald Islands
Billy M@rtin,India
David Salinas Jr.,Saint Martin
laura massey,Germany
P@trick Newm@n,Djibouti
randy hernandez,Jamaica
sohern aallSadvC,Liechtenstein
A@ron Whitney,Canada
Tracy Brown Jr.,Bangladesh
charles stewart,Sierra Leone
Kelsey Chang,Faroe Islands
joe matthews,Netherlands Antilles
jasmine mendoza,Ecuador
Nicole Mccormick,Czech Republic
rrsHis aaiL,Madagascar
Cr@ig Griffin,Japan
Christine Cortez Jr.,Iran
Rachel Hernandez,Malaysia
Jermaine Grant,Saint Helena
Joshua Bartlett,Honduras
patrick wright,Argentina
 MDnioDdoSa srorlnR,Nicaragua
Joshu@ Henry,Saint Martin
brandi riley,Mali
ooS tcTtm,United States Virgin Islands
amanda gonzalez,Cote d'Ivoire
Cassandra Kerr,Slovakia (Slovak Republic)
Heather Weaver Jr.,Kyrgyz Republic
Nathan Ortiz Jr.,Norfolk Island
Joseph Villanueva Jr.,Korea
jesus pollard,Sri Lanka
Sarah Nixon,Paraguay
Meredith Olson,Martinique
Victori@ Willi@ms DDS,Kazakhstan
nrfiJeer rgfeyH,Montserrat
Crystal Johnson,Cuba
Diana Barnett,Cayman Islands
ansrol nWdBie,Russian Federation
christian riggs,Puerto Rico
Cole Bell,Marshall Islands
Penny Rodriguez,Mauritania
Nicole Miller Jr.,Cambodia
alison allen,Haiti
catherine mcdonald,Thailand
juan alvarez,Cameroon
M@ry Mills,Antigua and Barbuda
Ch@rles Mcf@rl@nd,Romania
errolag nlWD,Puerto Rico
R@ymond Conner,Anguilla
RDaonuhr ibm,Japan
Michael Graves,Central African Republic
V@ness@ Newm@n,Turkey
melissa spears md,Ethiopia
laE pmCmisyo,San Marino
N@th@n Freem@n,Faroe Islands
s itoorntDNun,Dominica
sarah montgomery md,Saint Barthelemy
ann oltHhaJul,Netherlands
zeHeanoyJndcer ,Cambodia
Elizabeth Solomon Jr.,Saint Lucia
Nicole Morris,Dominican Republic
Andrew Hern@ndez,Algeria
reginald harmon,Togo
Sarah Ballard Jr.,New Zealand
Steven Kim,Mongolia
oWlihals aJusim,Ghana
Ian Pitts Jr.,Honduras
megan wilson,Jordan
shelley moore,Zimbabwe
Kathleen Brennan,Austria
Logan Townsend,Niger
inaDifazfyT ,Turks and Caicos Islands
tanya robinson,Myanmar
brooke thomas,Eritrea
Henry Gr@h@m,Cocos (Keeling) Islands
C@meron Torres,Mauritania
Mrs. Pamela Lopez,Spain
L@ur@ Rios,United States of America
Justin Gonzalez Jr.,Wallis and Futuna
Juan Stewart Jr.,Myanmar
Thomas Olson Jr.,Guernsey
Megan Graham,Heard Island and McDonald Islands
Alexis Reynolds Jr.,Svalbard & Jan Mayen Islands
Steven Curtis Jr.,Bahrain
nhstleKnoiWl ayg,Armenia
K@thryn Wilson,Korea
Vicki Mcd@niel,Morocco
lCosrteMnora y,Bangladesh
Carlos Alexander,Sri Lanka
Lindsey Carpenter Jr.,Mongolia
Jonathan Nixon Jr.,Dominica
 TrartinanM,Azerbaijan
oreaima BHndjnw,Gibraltar
Anthony Walls,Samoa
brendan delgado,Austria
 lNasocGmzioeh,Marshall Islands
Erik@ Austin,Micronesia
e WasollmniilN,American Samoa
Dana Acevedo,Switzerland
Willi@m Stevens,Nigeria
a uMyeS,Western Sahara
Troy King,Kuwait
John Rogers,Hong Kong
Alexander Hartman Jr.,Saint Lucia
jacob barajas,Myanmar
ellen sims,Tunisia
Ad@m D@vis,Tajikistan
Penny Osborne,Cyprus
AesorytmF ,Holy See (Vatican City State)
wascJsBnr ieo,Switzerland
william williamson,Syrian Arab Republic
He@ther W@tson,Kuwait
john vance,Croatia
Karen Lyons,Egypt
tammy parker,Ethiopia
christian bradley,Nauru
nnCKor noae,Belize
pamela knight,Vanuatu
Rhond@ Smith,British Virgin Islands
xs JnKsoeu,Faroe Islands
terry hammond md,El Salvador
Crystal Miller Jr.,Belarus
L@uren Anderson,Oman
Michael Young,Korea
Mark Arnold,Slovenia
scott wright,New Zealand
Kimberly Davis,Estonia
Christopher Henry,Uruguay
Alexis Parker Jr.,Cuba
nWeyhi Natc,Kenya
aihCr tziasDni,Ghana
Steven Tr@n,Isle of Man
Amanda Barrett,Grenada
Amanda Williams,Guyana
Laura Bailey,Turkmenistan
Cindy Wilson,Latvia
sharon brown,Bermuda
Debra Cohen,Portugal
valerie gibson,Botswana
Amber Castillo Jr.,Niger
HieilllhlMec ,Vanuatu
sllymbAlheeaC p,Marshall Islands
Shelby Wilson,Paraguay
madison cobb,Brazil
denise russell,Tuvalu
Linda King Jr.,Korea
A@ron Houston,Uruguay
Ryan Lozano Jr.,India
Juan Roberts,Slovenia
art yrasGeW,North Macedonia
colleen velazquez,Luxembourg
Is@@c Oliver,Guinea
Amber Bates,Falkland Islands (Malvinas)
Raymond Anderson,Uganda
Ashley Patterson,Colombia
Willi@m Dixon,Georgia
ashley wong,Bhutan
Stephen Dunn Jr.,Djibouti
Michael Medina Jr.,Bahamas
nicole gonzalez,Palestinian Territory
Jkes Mraon,Congo
brian rodriguez,Kenya
Carla Hunter Jr.,Lebanon
Eric Spence,Morocco
Jill Goodman,Denmark
St@cy Burgess,Liberia
angela hale,Trinidad and Tobago
christopher jackson,Mali
mary mills,Yemen
denise gonzalez,Cuba
Htoecorio lNn,Pitcairn Islands
tAadrMDei  nsW,Antarctica (the territory South of 60 deg S)
christie woods,Morocco
Ashley Freem@n,Ireland
john armstrong,Thailand
C@leb Vill@nuev@,Saint Vincent and the Grenadines
chase martinez,Madagascar
Eugene Cook,Belarus
Tiffany Martinez,Bosnia and Herzegovina
arRloibC u,Dominica
david jones,Japan
Anita Hayes Jr.,Uganda
Mary King,United States of America
Eric Lewis Jr.,Ecuador
Tyler C@meron Jr.,Svalbard & Jan Mayen Islands
Louis Hill Jr.,Wallis and Futuna
jamie landry,Belarus
JzhepnooL ,Jamaica
iKtySh mell,Niger
derek soto,Madagascar
eucu rkekTL,Montserrat
M@rtin S@ndov@l,French Southern Territories
Ashley Aguil@r,Bolivia
soacotne rtSP,Greece
yecsuhelCeTkr ,Croatia
Andrew Wiggins,China
MarcJ isilseel,Trinidad and Tobago
kimberly allen,Mali
Andre@ C@rey,Georgia
Shannon Reeves,Congo
allison wheeler,Antigua and Barbuda
Al@n Collins,Vietnam
David Smith Jr.,Angola
J@mie Smith,Guinea-Bissau
belinda bishop,Australia
sara mendoza,Croatia
Lihtritp rsteolehC,Honduras
Z@ch@ry Morton,Korea
dwnCroref aaliD,Syrian Arab Republic
Scott Brown,Switzerland
thomas cruz,Aruba
aanohA nsyMlhlrt,Guinea-Bissau
ryan martin,Saudi Arabia
Sus@n Green,Costa Rica
Riley Ju@rez,Tokelau
Tyler Mcdonald Jr.,Comoros
Sarah Davis Jr.,Philippines
Rhonda Matthews,French Polynesia
eamJAhony stn,Bahamas
lisa dean,Kuwait
David Smith,Germany
matthew allen,United States Virgin Islands
Donn@ Moody,New Caledonia
Ann Gonz@lez,Haiti
Mitchell Mcpherson,Senegal
isaac roberts,Sweden
Andrew Gutierrez,Mauritius
Laura White,Comoros
Christina Rosales,New Caledonia
Chelse@ Luc@s,Ghana
elizabeth liu,Monaco
oie trBnnyrtwB,Liberia
John Thompson Jr.,Faroe Islands
Judy Sanders Jr.,Germany
jose waters,Malaysia
Lisa Cook Jr.,Jordan
Cole Henry,Jamaica
jesse clark,Saint Pierre and Miquelon
trhtnoe uhproCsiBr,Ecuador
Philip Graves,Maldives
Richard Davidson DDS Jr.,Estonia
Eric Mcl@ughlin,Croatia
Gabriella Lowe,Senegal
Richard Roberts Jr.,Madagascar
toLMogn ermyior,Turks and Caicos Islands
Christina Steele,Guyana
sean lewis,Nigeria
Teresa Norris Jr.,Venezuela
Carrie Brown Jr.,Bahrain
Michael Mitchell MD Jr.,Yemen
Teres@ Reynolds,Martinique
MtbmargLaae r,Saint Pierre and Miquelon
dr. dawn garcia,Guinea-Bissau
Frank Snow,Andorra
Mary Jones Jr.,Spain
Alej@ndro White,Bosnia and Herzegovina
 rCtnrMioiasgehn,Haiti
Brent Li,Nepal
Brandy Hernandez Jr.,Guinea
annette cherry,Vietnam
Robert Burton,Isle of Man
n olcsoWliieN,Estonia
Terry Rodriguez,Oman
Fr@nk D@venport,India
 oSryttcM eSDdn,Antigua and Barbuda
Toni Shelton,Northern Mariana Islands
larry clark,Jamaica
charlotte escobar,Romania
Cheryl Kelly,Ethiopia
Michael Clark Jr.,Saint Barthelemy
Noah Thornton Jr.,Benin
Shawn Peterson,Belize
danielle gonzalez,Mexico
Edw@rd Morg@n,Korea
Teres@ Bl@ir,Jordan
C@ndice J@mes,Turkmenistan
odneirln JaaD,Angola
 xraalAealzisMs .S,Nicaragua
K@tie Spence,Netherlands Antilles
Alex@ndri@ Dominguez,Jordan
Keith Myers MD,Mongolia
sgiheooJezpdu Rr,Montenegro
SSnaetreMroipallrCsh D D .,Svalbard & Jan Mayen Islands
Julia Price,China
MrGetawghoe et,Panama
 rhlssaiCveDa,Guadeloupe
ryan murphy,Senegal
daniel weeks,Korea
Dan Martin Jr.,Lebanon
Jonathan Briggs Jr.,Netherlands
Victor M@son,Sudan
Kim Li,Syrian Arab Republic
Christy Davis Jr.,Central African Republic
Amy Lambert Jr.,Iraq
Ry@n Miller,Reunion
sarah clark,Nicaragua
Morgan Cohen Jr.,French Guiana
Angela Morgan Jr.,Kazakhstan
matthew randolph dds,Panama
lJirrau Bey,Armenia
lori fritz,Serbia
James Hayes Jr.,Comoros
sharon evans md,Central African Republic
Dennis Hill,Grenada
ae nrBieRd,Trinidad and Tobago
Kimberly Willi@ms,Burundi
Pam Sherman Jr.,Ukraine
Kristen Fleming,Australia
Shelley Le Jr.,Saint Lucia
lauren stewart,South Georgia and the South Sandwich Islands
 NsaaCaahetrrt,Guinea-Bissau
kristin smith,Belgium
Megan Mendoza,Faroe Islands
tracy watts,United States of America
Jason Jones Jr.,Cocos (Keeling) Islands
hesJCan zvoa,Ghana
Melissa Lyons,Saint Vincent and the Grenadines
wneinas LoD,Vanuatu
alexis roberts,El Salvador
troy chavez,Russian Federation
Brenda Chambers Jr.,Vanuatu
ooMaOincrn ,Thailand
matthew walton,Colombia
Robert Cowan Jr.,Macao
Alici@ G@rci@,Oman
Carol Parker Jr.,Seychelles
Bryce Green Jr.,Cayman Islands
bKJolibm csraye,Libyan Arab Jamahiriya
iamdl GlA,Lao People's Democratic Republic
alexis graham,Egypt
soeu GTmaarhr,Poland
Billy Harrison Jr.,Pakistan
Bruce Brown,Paraguay
Stephanie Allen,Netherlands Antilles
joseph williams,Ukraine
Julie Mendoza Jr.,Guatemala
oaatRrCd rsiicnehnhe,Lao People's Democratic Republic
Charles Cohen Jr.,Gibraltar
Darren Smith,Uzbekistan
lrGsRbieel yeea,United States Minor Outlying Islands
Gelsahr egilDena,United States Virgin Islands
Cheryl Escobar Jr.,Bangladesh
Heather Larson Jr.,Macao
E@rl Ry@n,Somalia
Brooke Gutierrez Jr.,Jersey
J@cob W@re,Andorra
Sandra Johnson Jr.,Costa Rica
laniiMsrslso aC,Montenegro
Billy Nicholson,Northern Mariana Islands
scott mckinney,Jersey
Daniel Torres PhD Jr.,Romania
 yrllRleeiByad,Greece
oJFrl eweso,Croatia
droiRoencieFsnkbr ,Georgia
erica lopez,Saint Barthelemy
pamela carroll,Rwanda
Samuel Kelly Jr.,Kazakhstan
Joshu@ Murillo,Cyprus
bryan lawson,Afghanistan
jasmine smith,Jersey
charles spears,Western Sahara
margaret morris,Armenia
Dean Stevens,Costa Rica
Travis Wu,American Samoa
Craig Jimenez Jr.,Angola
anu MlnDrianyc,El Salvador
alan reed,Hong Kong
Lori H@rris,Vanuatu
dslawadrharl ME,Cape Verde
Chelsea Russo Jr.,Yemen
 guanelidPMh,Cook Islands
Jason Wong,Seychelles
Dr. John Torres,Lesotho
tammy hughes,Malaysia
Cory Stafford,Benin
Christine Anderson Jr.,Nicaragua
Nancy Raymond,Mexico
robin gallegos,Afghanistan
Travis Wade Jr.,Liberia
Keith Jones Jr.,Togo
Lisa Vincent Jr.,Guinea
Nichol@s Gomez,Zambia
J@son Willi@ms,Cote d'Ivoire
lauren nguyen,Portugal
enllAeBarns ,Turkmenistan
Christopher Shaw,Mongolia
Jared Parker Jr.,Belize
Kryst@l J@mes,Bangladesh
lbsk laesoIanJac,Turkmenistan
Nicholas Ashley,Korea
Amber Payne,Grenada
rlnrda CmoaAal,Comoros
Michael Townsend,France
Tina Doyle,Svalbard & Jan Mayen Islands
P@m Jones,Colombia
John Johnson,Tajikistan
ia pekeMntaSsrh,Niue
heidi berry,Greenland
samantha benson,Burundi
Brittany Farley Jr.,Kyrgyz Republic
Cr@ig Cl@rke,Ecuador
Juan Walker Jr.,Morocco
Meg@n Jones,Qatar
david duran,Niger
pamela harrison,South Africa
oidnle lsyRE,Cayman Islands
william price,Kazakhstan
mSchznaaaSahn et,Albania
Michelle White Jr.,Nauru
Rhonda Chang,Taiwan
 nBScioartt,Eritrea
ieae sSntevJm,Congo
J@mie Wilkins,Hong Kong
Ellen Lowe Jr.,Tanzania
Eliz@beth Knight,Niue
Jon@th@n Gonz@les,Australia
kevin miller,Cote d'Ivoire
ln NsoaoAern,Uzbekistan
lauren key,Ukraine
Michael Wilson Jr.,Belarus
eeaGzarck Maniz,Egypt
alisha morgan,Afghanistan
dr. diana chung md,Finland
Ryan Jackson Jr.,Bhutan
leslie hudson,Tuvalu
Abigail Mccarthy Jr.,Fiji
marie gill,Bouvet Island (Bouvetoya)
J rigfaereCnin,Nauru
Michael Ortiz Jr.,Christmas Island
Anthony Figueroa,Seychelles
keclanu rBSnba,Palau
rnlllAsa etCy,Bosnia and Herzegovina
Adrian Mccullough Jr.,Ghana
Mr. Billy Sanchez,Isle of Man
Casey Farrell,Grenada
Barbara Nguyen Jr.,Guyana
Rebecca Clark Jr.,Guernsey
jeffrey edwards,Maldives
Robert Jenkins Jr.,Solomon Islands
Michelle Jenkins,Macao
John Morrow,Chile
Lisa Sparks Jr.,Bolivia
stacy collier,Pakistan
George B@rton,Uzbekistan
Shannon Jennings Jr.,Taiwan
J@cob Miller,British Indian Ocean Territory (Chagos Archipelago)
amy mitchell,Aruba
adoopRWl h,Tuvalu
Richard Bonilla,Malawi
Kevin Davis,Faroe Islands
kimberly sweeney,Puerto Rico
Jeffrey Burnett,Iran
james williams md,Indonesia
Catherine Rice,North Macedonia
Denise Mcdonald,Sierra Leone
Julia Davis Jr.,Belarus
stBner tahiiCs,Denmark
michael wallace,Aruba
brandon wong,Serbia
Dawn Hall Jr.,Afghanistan
Kristen Lopez DDS Jr.,Western Sahara
Brian Miller Jr.,French Southern Territories
r rooStaeCi,Togo
osRPajakci rt,Angola
awsrdea mJdE,Kyrgyz Republic
Leah Thomas Jr.,Greece
Connie Riley,Taiwan
Paige Spears,Nauru
joseph cross,Czech Republic
Ian Brown Jr.,Bosnia and Herzegovina
rlnleni AM,Norfolk Island
Alexander Parsons Jr.,Togo
John Hughes,Venezuela
Michael Morales,Saint Martin
Jason Hogan,Mauritania
Brandy Davidson,Antarctica (the territory South of 60 deg S)
Kelly Martinez,Georgia
T@m@r@ Mcclure,Malaysia
James Long,Burundi
guayesl sMoDol,Azerbaijan
Jeremiah Jefferson,Georgia
y  .lDdrMlaWBererkaM ,Timor-Leste
Vincent Hern@ndez,Russian Federation
Angela Smith,Panama
Lauren Morse Jr.,Zambia
Noah Moore,Congo
M@rcus Brown,Azerbaijan
eJeiattt onennH,Malta
D@n@ Kim,Bolivia
rebecca buchanan,Morocco
Gregory Shepard Jr.,Saint Lucia
Nicole Williams,Spain
andrew lin,Haiti
Anita Kemp,Cayman Islands
yimAiEl l,Hungary
melissa garcia,Japan
James Ellis Jr.,Grenada
o ceRdRigukiyrz,Belize
brenda pineda,Andorra
Mich@el Smith,Guadeloupe
Patricia Lee Jr.,Heard Island and McDonald Islands
Katherine Lawrence,Colombia
t htSieWeyca,Saint Helena
breanna stevens,Belgium
Michael Sexton Jr.,Turkey
Gregory Summers Jr.,South Georgia and the South Sandwich Islands
a iMisaohrlcN,Tajikistan
An@ Jord@n,Senegal
YasianMondg ,Comoros
Si aabasHrirnr,Zimbabwe
Kevin Sawyer,Tajikistan
James Anderson PhD,Portugal
Amy Allen,United Arab Emirates
Krystal Robinson,Mongolia
Ad@m Wright,Venezuela
Jennifer Spencer,Syrian Arab Republic
Steph@nie Br@dley,Syrian Arab Republic
Steven Willi@ms,Guadeloupe
No@h Hern@ndez,Guinea
John Ch@mbers,Svalbard & Jan Mayen Islands
amber nguyen,Azerbaijan
Thomas Moss,Mongolia
james foster,Togo
 osthKJtnourn,Bouvet Island (Bouvetoya)
Cheryl Boyd,Turkmenistan
P@ul Lopez,Burkina Faso
Theodore Perry,Isle of Man
lsaeJW aiamcenl,Lebanon
Joy Fletcher,Ghana
jason leblanc,Montserrat
Taylor Kramer Jr.,Portugal
Brett Bond,Russian Federation
Lis@ Buckley,Mayotte
Megan Baker Jr.,Portugal
garrett martin,Kenya
kaitlyn ward,Somalia
vanessa morgan,Guadeloupe
Bfe rkraefeyJ,Tajikistan
Angel@ Newton,South Georgia and the South Sandwich Islands
Shelly Petty,Martinique
Suzanne Ramos Jr.,Nauru
Sh@ron G@rci@,Tuvalu
Hriamsa rTi,Kyrgyz Republic
thomas massey,Belgium
christopher garcia,Falkland Islands (Malvinas)
Robyn Clarke Jr.,Togo
Juan Clay,China
P@mel@ Jones,Ukraine
Edward Thompson,Lebanon
Melissa Gonzalez Jr.,Guinea-Bissau
tammy lopez,Isle of Man
K@ren Perez,Australia
Laura Allen,Ghana
Emily Rios,Finland
D@nielle Ju@rez,Syrian Arab Republic
paul mercer,Tonga
nrlMilcea uE,Iceland
Ashley Stevens Jr.,Saint Barthelemy
Amy Orr,Mongolia
laura jones,Trinidad and Tobago
Lisa Pennington Jr.,North Macedonia
sShanraaMo ,South Georgia and the South Sandwich Islands
stephanie sanders,Italy
Alec Andrews Jr.,British Indian Ocean Territory (Chagos Archipelago)
Andrew Espinoz@,Guernsey
wayne flores,Puerto Rico
Benjamin Krause Jr.,Saint Kitts and Nevis
Amanda Rose Jr.,Guatemala
Thom@s G@rz@,Reunion
Alex@nder Brock,Serbia
donald cooper,Thailand
Patricia Frazier Jr.,Armenia
Jacqueline Cole,Cayman Islands
JPfaVeM yfrDm eh,Colombia
Bri@n Flores,Montenegro
Thomas Lewis,Reunion
cory johnson,Samoa
john long,Saint Vincent and the Grenadines
nroatBmy ymT,Albania
aaner VleCic,Fiji
Lisa Rivas,Cambodia
John Mcle@n,United States Virgin Islands
aChJo rnr,Faroe Islands
J@smine G@rdner,Costa Rica
Destiny Ponce Jr.,French Polynesia
Brooke Banks,Monaco
rVe llnridehaeCa,Tuvalu
Mr. Sean Mcconnell,Jordan
kendra rhodes,Kazakhstan
jennifer evans,Benin
lauren hill,Kiribati
Debor@h Medin@,Brunei Darussalam
Lis@ H@nsen,Guyana
gregory white,Mali
Nne eJSep. utrgynh,Lao People's Democratic Republic
Mr. David Sims Jr.,Falkland Islands (Malvinas)
Steven Ortega,Kazakhstan
 STtcorlddnkiad,Myanmar
nathan finley,Andorra
Joseph Gonzales,Singapore
Dr. C@ssidy Tucker DDS,Italy
Shelly Contreras,Madagascar
Mckenzie Kim,Rwanda
Monica Thompson,Algeria
Michael Ortega,Tajikistan
Joseph Phillips,China
Benj@min Cl@rk,Sierra Leone
Brandon Griffith Jr.,Togo
B ainaHllr,Bulgaria
dee eshvSoRtn,Djibouti
Beth Gilbert,Norway
Loretta Schmidt Jr.,Switzerland
om nsMyiramS,Solomon Islands
M@rk Kim,Ireland
rachel garcia,American Samoa
Nancy Knight,Nicaragua
Andrew Forbes Jr.,Suriname
Jaclyn Camacho Jr.,Colombia
blake anderson,Hungary
Jacqueline Moore,Palestinian Territory
lindsay higgins,Monaco
riley fitzpatrick,Uruguay
james allen,Albania
C@therine Y@tes,Kyrgyz Republic
lgDeadA ngolea,Macao
neFlhscrirC asa,Netherlands Antilles
Amanda Hubbard Jr.,Martinique
Willi@m Edw@rds,Timor-Leste
kceryee mTJur,French Guiana
Claire Castro Jr.,Denmark
andrea anderson,Panama
andrea conner,North Macedonia
J@mes C@in,Estonia
D@nielle M@tthews,Norway
devon burke,Suriname
Christine Lane Jr.,Slovenia
Eth@n Nelson,Grenada
john lester,Comoros
mario green,French Southern Territories
Leonard Hill Jr.,Mongolia
Lisa Johnson,Bahamas
timothy johnson,French Southern Territories
iCorrg wBna,Israel
Ryan Carter Jr.,Saint Helena
Ms. Kim Knight,Micronesia
Dr. Derek Turner DVM Jr.,Ecuador
NtcloaioStu nsh,South Africa
Timothy Riley Jr.,China
JeKnnin veinsg,Sweden
Jose Jennings Jr.,Cambodia
christopher walton,Guam
iBe awrVroeirct,Madagascar
Daniel Hicks Jr.,Antigua and Barbuda
ryan espinoza,Paraguay
zachary freeman,Afghanistan
Sh@nnon H@yes,Lebanon
sePc ttoLaur,Costa Rica
Victor Jord@n,Lebanon
ailarhsP hMillp,San Marino
Christopher Mcdon@ld,Equatorial Guinea
Emily Nelson Jr.,North Macedonia
Ricardo Montoya,Cote d'Ivoire
william gardner,Panama
Robert@ S@nchez,Saint Barthelemy
goeuYnSv et,San Marino
grant thompson,Niger
Patrick Gill Jr.,Netherlands
einnrzfree dJHanne,Faroe Islands
Thomas Becker,Turkmenistan
Henry Hooper,Western Sahara
Lisa Gonzalez Jr.,Nicaragua
daniel woods,British Indian Ocean Territory (Chagos Archipelago)
C@meron Rowe,Greenland
Matthew Hayes Jr.,Azerbaijan
Ronald Warner Jr.,Saint Martin
Marissa Holland Jr.,Tajikistan
dawn marquez,Guam
roger harrison,Palau
are aJiccassGi,Taiwan
Robert Steele,Israel
S@ndr@ Cl@rk,Peru
Edwin Hughes,French Polynesia
Neil Patterson Jr.,Djibouti
Diana Simmons,France
Daniel Garcia,American Samoa
cxnsAelniietV ,Moldova
KlAtvhrye aza,Honduras
cody pratt,Guernsey
Cody Schultz,New Caledonia
eric rodriguez,Albania
Joshua Gonzales Jr.,Central African Republic
Kelli Skinner,Antarctica (the territory South of 60 deg S)
 rfS PeeyeyrfJDDr,Singapore
elizabeth brandt,Armenia
mario edwards,Russian Federation
Monica Vega Jr.,Brazil
Jennifer Mccoy,Ethiopia
M@tthew D@wson,Guatemala
Colin Cook,Anguilla
Steve Atkins,Turkmenistan
Katie Smith Jr.,Aruba
Am@nd@ Wiggins,Christmas Island
Anthony Young Jr.,San Marino
guonsYu Jaho,Saint Barthelemy
william williams,Montserrat
Doris Reyes Jr.,Thailand
Russell Smith,Bermuda
Scott White,Sudan
in mndnCHugaarohl,Saint Helena
bryan tucker,Montenegro
J@mes Nguyen,Saint Pierre and Miquelon
joseph luna,Haiti
eyiflisWaJermf l,Lao People's Democratic Republic
CaasimtnCnlore ih,Dominican Republic
Hannah Hernandez,Gambia
Gina Long,Zambia
P@trick Mueller,Zambia
Michael Chambers Jr.,Cape Verde
desiree miller,Western Sahara
Sc blttarRkrneoid,North Macedonia
ss cEvaaniseJ,Mauritania
John Mejia,Venezuela
Michelle Jenkins,Togo
Diana Klein Jr.,Gambia
A@ron Mckee,American Samoa
l WoyhfslAe,Kenya
jermaine nelson,Saint Martin
Peter Allen,Sudan
Tyler Thomas,Tanzania
irnaaDye slM,Czech Republic
Jeffrey Townsend,Chad
Brenda Davies,Saint Helena
gary wilson,Falkland Islands (Malvinas)
johnny wood,Mauritania
dr. jessica williams dds,Argentina
Gregory Miller,British Virgin Islands
Jane Schneider Jr.,Ethiopia
Dr. Marcus Garrett II Jr.,Gabon
laura mitchell,Brunei Darussalam
Kevin Leonard,Uruguay
Angelica Flores,Reunion
Gregory Fox Jr.,Pakistan
john jimenez,Guadeloupe
Brett Norris,Bouvet Island (Bouvetoya)
Pamela Moss Jr.,Micronesia
corey brown,Saint Vincent and the Grenadines
Denise Price,Venezuela
Alice Contrer@s,Norfolk Island
Dana Richardson Jr.,United Kingdom
uSananD hr,Georgia
Darius Tapia,Saint Vincent and the Grenadines
Frank Williams Jr.,Latvia
tina ali,Egypt
seth guerrero,Bangladesh
Issrh Maaiaeol,Guatemala
Nathaniel Cunningham Jr.,Belize
KeeMlrnlt ihen,Argentina
Sherry Martin,Oman
Mr. Samuel Glass,Netherlands Antilles
iaSLms tih,Puerto Rico
Bri@n H@milton,Swaziland
Leslie Howard Jr.,Iraq
ariel wilkins,Tokelau
Krista Anderson,Benin
Victoria Edwards Jr.,Jersey
Isaac Lamb Jr.,Angola
erica hinton,Portugal
Brian Green,Tonga
Mrs. Lori Russell Jr.,Mozambique
Michael Wilson Jr.,Lebanon
eymaoRJdnslse ,El Salvador
Mary Lindsey,Hong Kong
Mary Jackson Jr.,Antarctica (the territory South of 60 deg S)
Ronald Bradley,Senegal
brittany ayala,Marshall Islands
Amy Gonzalez,Syrian Arab Republic
Anthony W@rner,Micronesia
ei mblaSaIssl,Zimbabwe
Patrick Williamson,Saint Helena
Amanda Holmes Jr.,Tajikistan
william melendez,Dominican Republic
Stephanie Bass,United Kingdom
enMr tthiNailaan,Korea
onRdaa mohRs,Slovenia
rola tinAAhgynu,Poland
sCaaC sleeeh,Macao
Justin Hughes,Lebanon
William Hayes Jr.,Bhutan
Darrell Williams,Austria
Katherine Robinson,Bahrain
ereD ret GeMnrM.P ,Nicaragua
dillon rice,Andorra
Alyssa Smith,Sweden
D@vid B@ss,Poland
mikayla hill,Mexico
nS mhtawDi,Bermuda
stephanie davenport,Sierra Leone
Candice Kelly,North Macedonia
Molly Miller,Canada
John@th@n Thom@s,France
jerome fisher,France
o rndmnaiBerS,Saint Vincent and the Grenadines
Emily Hoffman,Tuvalu
Steven Reid,Samoa
Christine S@nders,Greenland
Jessica Freeman,Aruba
Lori Garza Jr.,French Guiana
N@t@lie W@tts,Netherlands
Michael Molina,Tonga
 rnnoyteahuCH,Tuvalu
Patrick Bailey Jr.,British Virgin Islands
Kimberly Pratt,Mozambique
stephen taylor,Iraq
Luis Wilson Jr.,Saint Lucia
sarah brennan,Saint Lucia
Judith Ch@vez,Anguilla
aKWsrhyn rtelat,Qatar
rteMHraaeh o,Somalia
u laoJomeChans,Tajikistan
yicsa esJlsAhe,Netherlands Antilles
Julie Hamilton Jr.,Croatia
Rebecc@ Sims,Andorra
Joel Johnson,Suriname
oeRyi Cass,Egypt
cynthia santana,Mongolia
John Campbell,Bermuda
Michelle H@milton,Monaco
Rose Cole,Kiribati
Robert Conway Jr.,Heard Island and McDonald Islands
J@mes M@nning,Saudi Arabia
Brad Stevens Jr.,Turkey
brandy wright,Afghanistan
K@yl@ Gonz@les,Monaco
Rebecca Romero,Tuvalu
irCKthreh snepiol,Philippines
Le@h Montoy@,Grenada
sheila porter,Niger
Amy Mills Jr.,Cuba
mr. jeffrey dennis dds,Syrian Arab Republic
Lindsay Barber Jr.,Israel
MlaBksehaic n,Guatemala
r erktuneorayCP,Nigeria
Ron@ld Collins,Thailand
M@rk Bonill@,France
MJazentnireirenf ,Romania
Ray Carter Jr.,Marshall Islands
Sandra Bennett,Equatorial Guinea
james cobb,Saint Kitts and Nevis
Tracy King,Israel
Lynn Chan Jr.,Sierra Leone
s JsmaAeesd,Madagascar
Carla Ortega Jr.,Azerbaijan
Micheal Thomas Jr.,Bolivia
S@muel Colem@n,Bahamas
Se@n Jones,Lao People's Democratic Republic
nBadsirA ma,Grenada
Laura George,Saint Barthelemy
karen miller,Maldives
trBatiKatr ens,Angola
Blake Garcia Jr.,Moldova
 nJneweErdsirfad,Comoros
Janice Parrish,North Macedonia
David Davis,Liberia
 leDMralinw,Ireland
leaHaEn vsy,Belize
Catherine Wright Jr.,Costa Rica
tihMtsweGan a,Israel
Nicole Reese Jr.,Benin
Jason Lee,Portugal
curtis hunt,Saint Barthelemy
James Smith,Kiribati
hagyoDbenNer u,United Arab Emirates
rahi tSmSha,Montenegro
Jacob Sanders,Kyrgyz Republic
james graham,Japan
lori gregory,Libyan Arab Jamahiriya
annette mathis,Estonia
Robert Hern@ndez,Yemen
tilbmnmo iayKrlHe,Sierra Leone
Melinda Stewart Jr.,Guatemala
BuartrnatLa e,Congo
Nancy Jones Jr.,Mali
travis gray,Cote d'Ivoire
Linds@y Scott,Saint Martin
Brett Strong,Cameroon
Angelic@ Johnson,Niger
Ashley Thompson Jr.,Seychelles
rmuezeiS Ra,Sao Tome and Principe
jose avila,Rwanda
Leon@rd G@rci@,Spain
alan williams,New Caledonia
James Lewis Jr.,Montenegro
terri hopkins,Svalbard & Jan Mayen Islands
Je@nne Stew@rt,Cyprus
juan ward,San Marino
Ashley Benson Jr.,United States Minor Outlying Islands
michelle irwin,Samoa
jorge manning,Sierra Leone
Stephen P@tterson,Trinidad and Tobago
joseph hunt,United States Minor Outlying Islands
Mary Jackson Jr.,Haiti
Johnny Davis,Korea
Mich@el Berry,Algeria
Robert Davis Jr.,Yemen
Britt@ny Perez,Romania
bryce dennis,Guyana
Taylor Wright Jr.,Jersey
paul garrison,Saint Helena
GEorzcmei ,Switzerland
Patricia Higgins,United States Minor Outlying Islands
Laura Garcia Jr.,South Africa
lv JnAoai,Japan
Kim Bishop,China
M@tthew Roberts,Hungary
Robin D@vis,Congo
lKy Setmhi,Mali
Marvin Schneider,Qatar
Stephanie Fowler Jr.,Kazakhstan
 anrdrBMaeno,Cuba
tina king,Togo
Jesse Harrell Jr.,Saint Kitts and Nevis
Jose Miller,Guam
Edward Kidd,Vietnam
Karina Li,Fiji
Levi R@mirez,Lao People's Democratic Republic
Brandon Coleman,Croatia
a elreokCoBp,Namibia
hilHo ghuscaesN,Gibraltar
oposmgohryeTG nr,Egypt
Debra Houston Jr.,Panama
Crystal Acosta,British Indian Ocean Territory (Chagos Archipelago)
laurie flores,Albania
Marissa Munoz,Liberia
robert snyder,Saint Barthelemy
B@rb@r@ Morris,Korea
Jeffrey Thompson,Somalia
Ashley Patterson,China
cs pirinoHEk,Kiribati
Calvin Salazar Jr.,France
lnCpKra eelabm,El Salvador
Beverly Wilson,China
Shelby Cohen,Philippines
aFn Crolaekmn,Burkina Faso
n rhsotaSnnoaC,Australia
alison wells,Macao
linda robertson,Cocos (Keeling) Islands
Andrew Wilcox,Guinea-Bissau
su naBarLci,Spain
Pamela Gonzalez Jr.,Guatemala
Katherine Miller,Australia
K@therine Osborne,Bulgaria
Ti Shitamn,Germany
alan chambers,Chad
ddltKM yileone,Burkina Faso
Sara Armstrong Jr.,Somalia
Kayla Fox,Grenada
Meliss@ Stevenson,El Salvador
caroline clarke,Djibouti
Christopher Williams,Albania
Julie M@y,American Samoa
m rydconaRaaiG,Botswana
emA smaJebr,Greece
James Hunter,Uganda
Jet MoJhicnksDDr Vo.na ,Australia
mtaAw udnuHro,Slovakia (Slovak Republic)
DewxhiotMt na,United States Virgin Islands
rgntSta Aeul,Myanmar
Joyce Norris Jr.,Morocco
Brian Maxwell Jr.,Bouvet Island (Bouvetoya)
Kevin Brown,Iraq
Thomas Le,Egypt
Michael Austin Jr.,Spain
alison garcia,Germany
Jessica Ramirez Jr.,Portugal
Peter Hale,Mongolia
melissa weaver,Panama
John Rogers,Wallis and Futuna
Shannon Pacheco PhD Jr.,Montenegro
Stephanie Nunez,Uzbekistan
olivia nguyen,Libyan Arab Jamahiriya
Kevin Gonz@les,Trinidad and Tobago
Amber Mcdonald Jr.,Benin
Angela Newman Jr.,Samoa
Cryst@l Lopez,Iran
ophieHann snStea,Brazil
julie harris,Algeria
Nicole Miller Jr.,Gibraltar
Mikayla Daniels Jr.,Jordan
robert rodriguez,Palestinian Territory
MWevr eryaa,Azerbaijan
Austin Torres Jr.,Togo
nAoAunytrheyd ,Qatar
rfaKhrhStf eyna,New Zealand
Mich@el Wilson,Cameroon
Jasmine Powers,Grenada
Daniel Long Jr.,Iceland
hm asozuaeJiRr,Benin
jerry baker,Serbia
Melissa Knight Jr.,Azerbaijan
t hmitSahnmSaa,Ireland
iohhtp irClreslH,Faroe Islands
iaseem MJaj,Uruguay
morgan miller,Malaysia
Mary Martinez Jr.,Mozambique
 rryng .NMGeyau,Korea
hannah brennan,Iran
stephanie williams,Norway
debra morrison,Equatorial Guinea
Linda Johnson,Finland
Amber Williams,Turkey
Tyler Butler Jr.,Greece
joshua morrison,Reunion
Timothy Br@un,Comoros
john chung,Chile
James Smith Jr.,United States Virgin Islands
Cynthi@ Willi@ms,Guatemala
Justin Andrews Jr.,Anguilla
Jessica Smith Jr.,Brazil
Jermaine Brown,Bosnia and Herzegovina
James Garcia,Spain
erika martin,Taiwan
eae ssLwmJi,Luxembourg
devon vaughn,Rwanda
Linda Miller,Haiti
Monic@ Cruz,Saint Barthelemy
e SeOcnonentllph,Equatorial Guinea
Tina Rodriguez Jr.,Cameroon
Jennifer Kelley,Saint Martin
John Nielsen,Norfolk Island
hHoldelSl yree,Romania
Cynthia Brown,Netherlands Antilles
M@rk Robinson,Liechtenstein
Kelly Marshall Jr.,Jamaica
Vincent Thompson,Grenada
Kimberly Miller,Saint Vincent and the Grenadines
sW nLliisoa,Saint Pierre and Miquelon
Jason Andrade Jr.,Thailand
Allen Bright,Tokelau
Cameron Price Jr.,Jordan
rebecca smith,Equatorial Guinea
Terri B@ll@rd,Guatemala
Sierra Stewart Jr.,Bermuda
 iBtvDdaaexr,Mayotte
William Carroll Jr.,South Georgia and the South Sandwich Islands
kurt brown,Montserrat
Lisa Waller,Bangladesh
oazSshirsrcbMa etwhD ,Namibia
Frances Galvan Jr.,French Southern Territories
kenneth jackson,Samoa
grnrai azdneoBuiR,Guernsey
Steven Gilbert Jr.,Svalbard & Jan Mayen Islands
Robin Robinson Jr.,Myanmar
Rebecca Chambers Jr.,Kuwait
Jeanette Morales Jr.,Guinea-Bissau
S@r@h Newm@n,Cocos (Keeling) Islands
ryan garcia,Seychelles
Kevin Snyder,Iraq
H@nn@h Gr@nt,Bosnia and Herzegovina
mrs. nicole flynn md,Djibouti
w reLtteGaor,Nigeria
jorge baxter,Montenegro
rshsn lCloaeWi,Singapore
christopher gates,New Caledonia
He@ther Mckee,Afghanistan
zachary rubio,China
gwendolyn wagner,Taiwan
Bethany Booker,Bolivia
traGneMhwt ee,Burkina Faso
tami khan,Belize
victoria skinner,Brunei Darussalam
M@tthew Abbott,Norway
amy martin,Tokelau
uyertilCn oHl,Trinidad and Tobago
K@itlin P@rker,Slovakia (Slovak Republic)
Joshu@ Wise,Saint Barthelemy
Connie Wilson,Belarus
Edward Hunter,Gibraltar
Cassandra Pittman,Saint Vincent and the Grenadines
aL ieuJle,Botswana
k naeaPcDne,Thailand
J@mes H@rt,Bouvet Island (Bouvetoya)
Robert Harrell Jr.,Namibia
Jack Meyer,Sao Tome and Principe
james banks,Cote d'Ivoire
Christine Anderson,Bhutan
Willi@m M@rquez,Malaysia
Aaron Hunt,Trinidad and Tobago
Sandra Colon DVM,Grenada
Dennis Burnett Jr.,Peru
Cesar Trujillo,Heard Island and McDonald Islands
brian payne,Tuvalu
Donna Bond,Belarus
Micheal Watkins,Gabon
Michael Peterson Jr.,Haiti
Steph@nie Doyle,Vanuatu
michelle hernandez,Cook Islands
Roy Garcia,British Virgin Islands
ronsadTe Aram,Haiti
K@ren Ad@ms,Norfolk Island
mJaelliJ s,Tokelau
michelle thompson,Albania
Carlos Carter Jr.,Christmas Island
walter cole,Iraq
rsTEiyiD aDlvm S,Congo
aenSosnha Br,United States Virgin Islands
riveeOKy ll,Niue
T@bith@ Jones,Ghana
William Martin,Sao Tome and Principe
pco rSnMaarshe,Venezuela
Christy Brown Jr.,Sudan
mark martinez,North Macedonia
sMsoWl enilais,Sierra Leone
yTsml neCahoo,Tokelau
mrs. angela salazar md,Zimbabwe
 eosnahhrDoonJb,Swaziland
M@tthew Willi@ms,Myanmar
J@mes Butler,Sudan
Gregory Smith,Mexico
yt HeneheenrdaK,North Macedonia
Joe Mccarthy Jr.,Marshall Islands
Kenneth White,Netherlands Antilles
Gilbert Lewis Jr.,Gambia
joshua camacho,Angola
Z@ch@ry George DDS,Jordan
John Ross Jr.,Georgia
Harold Carlson Jr.,Chad
eio nedsArreHnl,Serbia
shane wise,Guam
 erenaeGnDan,Romania
shelby jones,Belarus
Nicholas Baker,Sri Lanka
michael martinez,Cayman Islands
Daniel Reeves,Philippines
Kenneth Roberts,Korea
arMunyrrTe ,Gabon
Rachel Foster,Niger
ycnarnuNe Tr,Greenland
Dennis Wilson Jr.,Heard Island and McDonald Islands
M@rc Willis,Equatorial Guinea
Mitchell Castillo Jr.,Cyprus
oyNnKlrs ree,United Kingdom
Jessica Floyd Jr.,Panama
tom anderson,Saint Martin
Erica Richardson Jr.,Uzbekistan
Tami Kemp,Saint Kitts and Nevis
Ashley Clark,China
alexandra gutierrez,Lao People's Democratic Republic
Scott Robinson,Western Sahara
Meg@n Hoffm@n,Dominican Republic
lisa lewis,Iran
eadKcC inaenl,Guam
Theresa Hart,Svalbard & Jan Mayen Islands
P@ige Log@n,Myanmar
Kimberly Moore,Vietnam
scanHim Saktah,Saint Helena
Thomas Flores,Kenya
nt anetalJaPho,Wallis and Futuna
Adam Johnson Jr.,Malawi
Brandon Miller,Israel
Wayne Cook,Sierra Leone
Mrs. Andre@ Donov@n,Romania
Tammy Leonard Jr.,Turkey
er MylymeEsi,Switzerland
Steven Ad@ms,Guyana
Roger Bell,Russian Federation
debra morrison,Guam
Andrew Phillips,Hungary
dana green,Greece
Robert Davis Jr.,Palau
Benjamin Williamson Jr.,Poland
maria shaw,Monaco
Blake Stanton,Guinea-Bissau
D@nielle Spencer,Mali
shnCtOnbiyora ,Reunion
anrd HTzoeanmesh,Armenia
troy parker,Bangladesh
jessica sexton,Nauru
Robert Moon,Pitcairn Islands
joseph horton,Cayman Islands
Jamie Ortiz Jr.,French Guiana
timothy wade,Netherlands Antilles
Mary Freeman Jr.,Greece
Elaine Hopkins Jr.,Colombia
nRaoelB dll,Andorra
nasb edooRnBinr,Grenada
amber martin,Cyprus
Zachary Reynolds,Eritrea
Kevin M@rsh@ll,Japan
Garrett Hamilton,French Guiana
mark adams,China
jnaiBoAna msect,United States of America
Tiffany Fischer Jr.,Lithuania
steve reed,Ghana
er n.Jtnoeaf CirssM,Saint Pierre and Miquelon
Susan Osborne Jr.,Micronesia
erhellSryB ,Afghanistan
RsoL daenrnyo,South Georgia and the South Sandwich Islands
harold mills,Cote d'Ivoire
Amy Moore,Monaco
R@ch@el R@y,Zambia
Rebecca Mckenzie,North Macedonia
Monic@ Joseph,Turkey
kenneth smith,Antarctica (the territory South of 60 deg S)
michael shepard,Tuvalu
catherine cooper,Zimbabwe
idCsgaEd wrar,Panama
 yZaGicaarchra,Equatorial Guinea
aldysRPaeenlmo ,Solomon Islands
iathCayellnca W,Kuwait
Kathleen Green,Burundi
amanda werner,Turks and Caicos Islands
sarah brown,Pakistan
Regin@ Smith,Western Sahara
Louis Perez,United States of America
nHhutls ioNca,Belize
Dennis Wood Jr.,Bolivia
P@trici@ Johnson,Guinea-Bissau
Carolyn Holloway Jr.,Moldova
Kelly Schultz,Gambia
Eric F@ulkner,Eritrea
Jose Todd,Slovenia
Katherine Ray,Guernsey
angela wolfe,Iran
n noSaerasdrdAn,Brazil
Christina Welch Jr.,Myanmar
Arthur Spencer,Finland
Elizabeth Woods,Iraq
Crystal Norman Jr.,Puerto Rico
Lauren Ruiz Jr.,Norway
Elizabeth Mckee Jr.,Palau
Laura Wang DVM,Gabon
Sh@wn Cooke,Liechtenstein
Joyce Garcia,Guadeloupe
Jeremy Lowery Jr.,Saint Pierre and Miquelon
Victor Peters,Sweden
Michael Garcia Jr.,French Polynesia
oaceLr ruyBr,Brazil
Jared Holmes Jr.,Namibia
wanda taylor,Barbados
autumn boyd,Gabon
christopher russell ii,Saint Martin
carrie miller,British Virgin Islands
alyssa barrett,Spain
lytellKeee S,Slovenia
Michael Jones,Belarus
Br@ndon Anderson,Sri Lanka
jesse torres,Eritrea
aEAadwrn dns,Lebanon
nAa anenmphC,Sudan
Carl Osborne,Azerbaijan
Barry Scott Jr.,Spain
ytaFytreon ilB,Lesotho
onJaKnnshtiaor ,Luxembourg
Christopher Holmes Jr.,Solomon Islands
derrick lee,Puerto Rico
Gary White Jr.,Georgia
Amy Jackson,Nigeria
Lori Colon,Panama
Jared Obrien Jr.,Bulgaria
April Hampton,China
r BBinrwtsetaoy,Singapore
rreeFn ckdairiB,Oman
xeaedrA rzSuenla,Western Sahara
Christine Dickson,Saudi Arabia
H@yley Perkins,Yemen
Steve Dunn Jr.,Montenegro
alicia harris,Malaysia
erica graves,Nepal
 HnksTiiawna,Fiji
Thom@s H@yes,Cook Islands
carlos gray,United States of America
Desiree Prince,Botswana
Megh@n C@rter,Kuwait
Deborah Bryant Jr.,Belgium
Steven Schultz,Chad
MnaCeol rakpd,Jersey
lhoLyaJdu so,Bulgaria
Joseph Smith Jr.,Pitcairn Islands
michael jackson,Latvia
Jennifer Olson Jr.,Somalia
lori henderson,Norfolk Island
A@ron Hern@ndez,Cocos (Keeling) Islands
B@rb@r@ P@lmer,Bosnia and Herzegovina
Alex Norton Jr.,Ghana
Sabrina Ayala Jr.,United Kingdom
Steven Perez Jr.,Lithuania
icyr arolET,Barbados
shirley atkinson,Maldives
hnNJmeoaw spe,Belgium
Joshua Wong Jr.,Faroe Islands
Maureen Ewing,Chad
Tyler Martinez,Macao
Wbseh lEttazeebir,Indonesia
 WlnlciavKaee,Aruba
Anna Hicks Jr.,Congo
Thomas Rodriguez Jr.,Norway
ywTmcihSt zahrto,Saint Barthelemy
savannah miller,Eritrea
Howard Turner,Kiribati
john klein,Tunisia
ohpi sJsBeo,Pitcairn Islands
hPW yneadm,Sierra Leone
TvrdanSo eylar,Nicaragua
Jodi Johnson,Liechtenstein
scott diaz,Austria
rachel kim,Ethiopia
maWas nBrilnalii,United Kingdom
Wanda Ross,Albania
R@ch@el Wright,Northern Mariana Islands
eiia erFmrendnhtaK,San Marino
karen cox,Madagascar
Joseph Conway Jr.,Zimbabwe
Nichol@s Moss,Lao People's Democratic Republic
Courtney Cook Jr.,Cyprus
kathleen cordova,Argentina
Joseph Conrad,San Marino
Tonya Harrington,Azerbaijan
Kristopher Roberts Jr.,Switzerland
Philip Crane,Chile
WOecarsra rn,Cape Verde
heyutrraSpnai Me,Norfolk Island
anosuDosgJnloh ,Morocco
Heather Moore,Palestinian Territory
jesse simmons,Trinidad and Tobago
D@vid Beltr@n,Canada
John Acost@,Switzerland
amy griffin,Northern Mariana Islands
lo bshaeincMiG,Tunisia
david rodriguez,Tuvalu
mike delacruz,Eritrea
 llcehyrTeaR,Mongolia
Rachel Henry MD Jr.,Iran
h oKmDp nDJSe,Malaysia
Albert Martin,France
Ms. Br@ndy Cr@ig,Saint Lucia
Thom@s C@stro,Czech Republic
SCieote lvatlns,British Indian Ocean Territory (Chagos Archipelago)
Thicleler yleM,Andorra
Christina Garrett MD Jr.,Tajikistan
Tony Boyle Jr.,Comoros
Debra Garcia Jr.,Uruguay
Noah Rodriguez Jr.,Venezuela
Jackie Benson Jr.,South Africa
Krista Robertson Jr.,Togo
Morgan Rodriguez,Nicaragua
Mia Cunningham Jr.,Mongolia
Charles Thompson Jr.,Myanmar
Roy Fox,Nigeria
Susan Young,Spain
uaanL yRra,Cote d'Ivoire
anna williams,Christmas Island
Trevor Rivas,Monaco
mlgaiirlWCa si,Cyprus
Sarah Riley Jr.,United States Minor Outlying Islands
nanaLen Dgo,Armenia
